Nom de fichier,Ã‰tiquette,Largeur (pixels),Hauteur (pixels)
100.jpg,benign,224,224
1000.jpg,benign,224,224
1001.jpg,benign,224,224
1002.jpg,benign,224,224
1004.jpg,benign,224,224
1005.jpg,benign,224,224
1007.jpg,benign,224,224
1008.jpg,benign,224,224
1009.jpg,benign,224,224
101.jpg,benign,224,224
1010.jpg,benign,224,224
1011.jpg,benign,224,224
1012.jpg,benign,224,224
1014.jpg,benign,224,224
1015.jpg,benign,224,224
1016.jpg,benign,224,224
1017.jpg,benign,224,224
102.jpg,benign,224,224
1020.jpg,benign,224,224
1021.jpg,benign,224,224
1022.jpg,benign,224,224
1024.jpg,benign,224,224
1026.jpg,benign,224,224
1027.jpg,benign,224,224
1028.jpg,benign,224,224
103.jpg,benign,224,224
1030.jpg,benign,224,224
1031.jpg,benign,224,224
1032.jpg,benign,224,224
1035.jpg,benign,224,224
1036.jpg,benign,224,224
1037.jpg,benign,224,224
1038.jpg,benign,224,224
1039.jpg,benign,224,224
104.jpg,benign,224,224
1040.jpg,benign,224,224
1041.jpg,benign,224,224
1043.jpg,benign,224,224
1045.jpg,benign,224,224
1046.jpg,benign,224,224
1047.jpg,benign,224,224
1048.jpg,benign,224,224
1049.jpg,benign,224,224
1050.jpg,benign,224,224
1051.jpg,benign,224,224
1052.jpg,benign,224,224
1053.jpg,benign,224,224
1054.jpg,benign,224,224
1056.jpg,benign,224,224
1057.jpg,benign,224,224
1058.jpg,benign,224,224
1059.jpg,benign,224,224
106.jpg,benign,224,224
1060.jpg,benign,224,224
1062.jpg,benign,224,224
1063.jpg,benign,224,224
1064.jpg,benign,224,224
1065.jpg,benign,224,224
1066.jpg,benign,224,224
1067.jpg,benign,224,224
1068.jpg,benign,224,224
1069.jpg,benign,224,224
107.jpg,benign,224,224
1071.jpg,benign,224,224
1072.jpg,benign,224,224
1073.jpg,benign,224,224
1075.jpg,benign,224,224
1076.jpg,benign,224,224
1078.jpg,benign,224,224
1079.jpg,benign,224,224
108.jpg,benign,224,224
1081.jpg,benign,224,224
1082.jpg,benign,224,224
1083.jpg,benign,224,224
1084.jpg,benign,224,224
1085.jpg,benign,224,224
1086.jpg,benign,224,224
1089.jpg,benign,224,224
109.jpg,benign,224,224
1090.jpg,benign,224,224
1091.jpg,benign,224,224
1093.jpg,benign,224,224
1094.jpg,benign,224,224
1095.jpg,benign,224,224
1096.jpg,benign,224,224
1097.jpg,benign,224,224
1098.jpg,benign,224,224
1099.jpg,benign,224,224
110.jpg,benign,224,224
1100.jpg,benign,224,224
1101.jpg,benign,224,224
1102.jpg,benign,224,224
1103.jpg,benign,224,224
1104.jpg,benign,224,224
1105.jpg,benign,224,224
1106.jpg,benign,224,224
1107.jpg,benign,224,224
1108.jpg,benign,224,224
1109.jpg,benign,224,224
111.jpg,benign,224,224
1111.jpg,benign,224,224
1113.jpg,benign,224,224
1114.jpg,benign,224,224
1116.jpg,benign,224,224
1117.jpg,benign,224,224
1119.jpg,benign,224,224
112.jpg,benign,224,224
1120.jpg,benign,224,224
1121.jpg,benign,224,224
1122.jpg,benign,224,224
1123.jpg,benign,224,224
1124.jpg,benign,224,224
1127.jpg,benign,224,224
1128.jpg,benign,224,224
1129.jpg,benign,224,224
113.jpg,benign,224,224
1131.jpg,benign,224,224
1132.jpg,benign,224,224
1133.jpg,benign,224,224
1136.jpg,benign,224,224
1137.jpg,benign,224,224
1138.jpg,benign,224,224
114.jpg,benign,224,224
1140.jpg,benign,224,224
1141.jpg,benign,224,224
1142.jpg,benign,224,224
1144.jpg,benign,224,224
1145.jpg,benign,224,224
1147.jpg,benign,224,224
1148.jpg,benign,224,224
1149.jpg,benign,224,224
115.jpg,benign,224,224
1150.jpg,benign,224,224
1152.jpg,benign,224,224
1153.jpg,benign,224,224
1154.jpg,benign,224,224
1156.jpg,benign,224,224
1157.jpg,benign,224,224
1158.jpg,benign,224,224
1159.jpg,benign,224,224
116.jpg,benign,224,224
1160.jpg,benign,224,224
1161.jpg,benign,224,224
1162.jpg,benign,224,224
1163.jpg,benign,224,224
1164.jpg,benign,224,224
1165.jpg,benign,224,224
1167.jpg,benign,224,224
1168.jpg,benign,224,224
1169.jpg,benign,224,224
117.jpg,benign,224,224
1171.jpg,benign,224,224
1172.jpg,benign,224,224
1174.jpg,benign,224,224
1175.jpg,benign,224,224
1176.jpg,benign,224,224
1178.jpg,benign,224,224
1179.jpg,benign,224,224
118.jpg,benign,224,224
1181.jpg,benign,224,224
1182.jpg,benign,224,224
1184.jpg,benign,224,224
1185.jpg,benign,224,224
1186.jpg,benign,224,224
1187.jpg,benign,224,224
1188.jpg,benign,224,224
1189.jpg,benign,224,224
1190.jpg,benign,224,224
1192.jpg,benign,224,224
1193.jpg,benign,224,224
1194.jpg,benign,224,224
1195.jpg,benign,224,224
1196.jpg,benign,224,224
1197.jpg,benign,224,224
1198.jpg,benign,224,224
1199.jpg,benign,224,224
12.jpg,benign,224,224
120.jpg,benign,224,224
1201.jpg,benign,224,224
1202.jpg,benign,224,224
1204.jpg,benign,224,224
1205.jpg,benign,224,224
1206.jpg,benign,224,224
1207.jpg,benign,224,224
1209.jpg,benign,224,224
121.jpg,benign,224,224
1210.jpg,benign,224,224
1211.jpg,benign,224,224
1212.jpg,benign,224,224
1213.jpg,benign,224,224
1216.jpg,benign,224,224
1217.jpg,benign,224,224
1218.jpg,benign,224,224
1219.jpg,benign,224,224
1220.jpg,benign,224,224
1221.jpg,benign,224,224
1222.jpg,benign,224,224
1223.jpg,benign,224,224
1224.jpg,benign,224,224
1225.jpg,benign,224,224
1227.jpg,benign,224,224
1228.jpg,benign,224,224
1229.jpg,benign,224,224
123.jpg,benign,224,224
1230.jpg,benign,224,224
1232.jpg,benign,224,224
1233.jpg,benign,224,224
1234.jpg,benign,224,224
1235.jpg,benign,224,224
1236.jpg,benign,224,224
1237.jpg,benign,224,224
1238.jpg,benign,224,224
1239.jpg,benign,224,224
124.jpg,benign,224,224
1240.jpg,benign,224,224
1241.jpg,benign,224,224
1245.jpg,benign,224,224
1246.jpg,benign,224,224
1247.jpg,benign,224,224
1248.jpg,benign,224,224
1249.jpg,benign,224,224
125.jpg,benign,224,224
1250.jpg,benign,224,224
1251.jpg,benign,224,224
1252.jpg,benign,224,224
1254.jpg,benign,224,224
1255.jpg,benign,224,224
1256.jpg,benign,224,224
1257.jpg,benign,224,224
1258.jpg,benign,224,224
1259.jpg,benign,224,224
126.jpg,benign,224,224
1260.jpg,benign,224,224
1262.jpg,benign,224,224
1263.jpg,benign,224,224
1264.jpg,benign,224,224
1267.jpg,benign,224,224
1268.jpg,benign,224,224
1270.jpg,benign,224,224
1271.jpg,benign,224,224
1272.jpg,benign,224,224
1274.jpg,benign,224,224
1275.jpg,benign,224,224
1279.jpg,benign,224,224
128.jpg,benign,224,224
1280.jpg,benign,224,224
1281.jpg,benign,224,224
1282.jpg,benign,224,224
1283.jpg,benign,224,224
1284.jpg,benign,224,224
1285.jpg,benign,224,224
1286.jpg,benign,224,224
1287.jpg,benign,224,224
1289.jpg,benign,224,224
129.jpg,benign,224,224
1291.jpg,benign,224,224
1292.jpg,benign,224,224
1293.jpg,benign,224,224
1294.jpg,benign,224,224
1295.jpg,benign,224,224
1296.jpg,benign,224,224
1298.jpg,benign,224,224
13.jpg,benign,224,224
130.jpg,benign,224,224
1300.jpg,benign,224,224
1301.jpg,benign,224,224
1302.jpg,benign,224,224
1303.jpg,benign,224,224
1304.jpg,benign,224,224
1305.jpg,benign,224,224
1306.jpg,benign,224,224
1307.jpg,benign,224,224
1308.jpg,benign,224,224
1309.jpg,benign,224,224
131.jpg,benign,224,224
1311.jpg,benign,224,224
1312.jpg,benign,224,224
1313.jpg,benign,224,224
1314.jpg,benign,224,224
1315.jpg,benign,224,224
1316.jpg,benign,224,224
1317.jpg,benign,224,224
1318.jpg,benign,224,224
132.jpg,benign,224,224
1320.jpg,benign,224,224
1323.jpg,benign,224,224
1324.jpg,benign,224,224
1325.jpg,benign,224,224
1326.jpg,benign,224,224
1327.jpg,benign,224,224
1328.jpg,benign,224,224
1329.jpg,benign,224,224
133.jpg,benign,224,224
1330.jpg,benign,224,224
1331.jpg,benign,224,224
1332.jpg,benign,224,224
1333.jpg,benign,224,224
1335.jpg,benign,224,224
1336.jpg,benign,224,224
1337.jpg,benign,224,224
1338.jpg,benign,224,224
1339.jpg,benign,224,224
134.jpg,benign,224,224
1340.jpg,benign,224,224
1341.jpg,benign,224,224
1344.jpg,benign,224,224
1345.jpg,benign,224,224
1346.jpg,benign,224,224
1347.jpg,benign,224,224
1348.jpg,benign,224,224
1349.jpg,benign,224,224
135.jpg,benign,224,224
1351.jpg,benign,224,224
1352.jpg,benign,224,224
1353.jpg,benign,224,224
1355.jpg,benign,224,224
1356.jpg,benign,224,224
1358.jpg,benign,224,224
136.jpg,benign,224,224
1360.jpg,benign,224,224
1361.jpg,benign,224,224
1363.jpg,benign,224,224
1364.jpg,benign,224,224
1366.jpg,benign,224,224
1368.jpg,benign,224,224
1369.jpg,benign,224,224
137.jpg,benign,224,224
1370.jpg,benign,224,224
1371.jpg,benign,224,224
1372.jpg,benign,224,224
1374.jpg,benign,224,224
1375.jpg,benign,224,224
1379.jpg,benign,224,224
138.jpg,benign,224,224
1380.jpg,benign,224,224
1382.jpg,benign,224,224
1383.jpg,benign,224,224
1384.jpg,benign,224,224
1385.jpg,benign,224,224
1386.jpg,benign,224,224
1387.jpg,benign,224,224
1388.jpg,benign,224,224
1389.jpg,benign,224,224
139.jpg,benign,224,224
1390.jpg,benign,224,224
1391.jpg,benign,224,224
1392.jpg,benign,224,224
1394.jpg,benign,224,224
1395.jpg,benign,224,224
1396.jpg,benign,224,224
1397.jpg,benign,224,224
1398.jpg,benign,224,224
1399.jpg,benign,224,224
14.jpg,benign,224,224
1402.jpg,benign,224,224
1403.jpg,benign,224,224
1404.jpg,benign,224,224
1405.jpg,benign,224,224
1406.jpg,benign,224,224
1407.jpg,benign,224,224
1408.jpg,benign,224,224
141.jpg,benign,224,224
1410.jpg,benign,224,224
1411.jpg,benign,224,224
1413.jpg,benign,224,224
1414.jpg,benign,224,224
1416.jpg,benign,224,224
1417.jpg,benign,224,224
1418.jpg,benign,224,224
1419.jpg,benign,224,224
142.jpg,benign,224,224
1420.jpg,benign,224,224
1421.jpg,benign,224,224
1422.jpg,benign,224,224
1423.jpg,benign,224,224
1424.jpg,benign,224,224
1425.jpg,benign,224,224
1426.jpg,benign,224,224
1427.jpg,benign,224,224
1428.jpg,benign,224,224
1429.jpg,benign,224,224
143.jpg,benign,224,224
1430.jpg,benign,224,224
1431.jpg,benign,224,224
1432.jpg,benign,224,224
1433.jpg,benign,224,224
1434.jpg,benign,224,224
1435.jpg,benign,224,224
1436.jpg,benign,224,224
1437.jpg,benign,224,224
1438.jpg,benign,224,224
1439.jpg,benign,224,224
1440.jpg,benign,224,224
1442.jpg,benign,224,224
1444.jpg,benign,224,224
1446.jpg,benign,224,224
1447.jpg,benign,224,224
1449.jpg,benign,224,224
145.jpg,benign,224,224
1450.jpg,benign,224,224
1451.jpg,benign,224,224
1452.jpg,benign,224,224
1453.jpg,benign,224,224
1454.jpg,benign,224,224
1455.jpg,benign,224,224
1456.jpg,benign,224,224
1457.jpg,benign,224,224
1458.jpg,benign,224,224
1459.jpg,benign,224,224
146.jpg,benign,224,224
1460.jpg,benign,224,224
1461.jpg,benign,224,224
1462.jpg,benign,224,224
1463.jpg,benign,224,224
1464.jpg,benign,224,224
1465.jpg,benign,224,224
1467.jpg,benign,224,224
1469.jpg,benign,224,224
1470.jpg,benign,224,224
1472.jpg,benign,224,224
1474.jpg,benign,224,224
1475.jpg,benign,224,224
1476.jpg,benign,224,224
1477.jpg,benign,224,224
1478.jpg,benign,224,224
148.jpg,benign,224,224
1480.jpg,benign,224,224
1482.jpg,benign,224,224
1484.jpg,benign,224,224
1486.jpg,benign,224,224
1487.jpg,benign,224,224
1489.jpg,benign,224,224
149.jpg,benign,224,224
1490.jpg,benign,224,224
1491.jpg,benign,224,224
1493.jpg,benign,224,224
1494.jpg,benign,224,224
1495.jpg,benign,224,224
1496.jpg,benign,224,224
1497.jpg,benign,224,224
1498.jpg,benign,224,224
150.jpg,benign,224,224
1500.jpg,benign,224,224
1501.jpg,benign,224,224
1503.jpg,benign,224,224
1504.jpg,benign,224,224
1505.jpg,benign,224,224
1506.jpg,benign,224,224
1507.jpg,benign,224,224
1508.jpg,benign,224,224
1509.jpg,benign,224,224
151.jpg,benign,224,224
1510.jpg,benign,224,224
1511.jpg,benign,224,224
1512.jpg,benign,224,224
1513.jpg,benign,224,224
1515.jpg,benign,224,224
1517.jpg,benign,224,224
1518.jpg,benign,224,224
152.jpg,benign,224,224
1520.jpg,benign,224,224
1522.jpg,benign,224,224
1523.jpg,benign,224,224
1524.jpg,benign,224,224
1525.jpg,benign,224,224
1526.jpg,benign,224,224
1527.jpg,benign,224,224
1528.jpg,benign,224,224
1529.jpg,benign,224,224
153.jpg,benign,224,224
1531.jpg,benign,224,224
1532.jpg,benign,224,224
1533.jpg,benign,224,224
1534.jpg,benign,224,224
1535.jpg,benign,224,224
1536.jpg,benign,224,224
1539.jpg,benign,224,224
1540.jpg,benign,224,224
1541.jpg,benign,224,224
1542.jpg,benign,224,224
1543.jpg,benign,224,224
1544.jpg,benign,224,224
1546.jpg,benign,224,224
1547.jpg,benign,224,224
1548.jpg,benign,224,224
1549.jpg,benign,224,224
155.jpg,benign,224,224
1550.jpg,benign,224,224
1551.jpg,benign,224,224
1552.jpg,benign,224,224
1553.jpg,benign,224,224
1554.jpg,benign,224,224
1555.jpg,benign,224,224
1556.jpg,benign,224,224
1557.jpg,benign,224,224
1558.jpg,benign,224,224
156.jpg,benign,224,224
1560.jpg,benign,224,224
1561.jpg,benign,224,224
1562.jpg,benign,224,224
1563.jpg,benign,224,224
1564.jpg,benign,224,224
1565.jpg,benign,224,224
1566.jpg,benign,224,224
1567.jpg,benign,224,224
1568.jpg,benign,224,224
1569.jpg,benign,224,224
157.jpg,benign,224,224
1570.jpg,benign,224,224
1571.jpg,benign,224,224
1572.jpg,benign,224,224
1573.jpg,benign,224,224
1574.jpg,benign,224,224
1575.jpg,benign,224,224
1577.jpg,benign,224,224
158.jpg,benign,224,224
1580.jpg,benign,224,224
1581.jpg,benign,224,224
1582.jpg,benign,224,224
1583.jpg,benign,224,224
1584.jpg,benign,224,224
1585.jpg,benign,224,224
1586.jpg,benign,224,224
1587.jpg,benign,224,224
1588.jpg,benign,224,224
1589.jpg,benign,224,224
159.jpg,benign,224,224
1590.jpg,benign,224,224
1591.jpg,benign,224,224
1593.jpg,benign,224,224
1594.jpg,benign,224,224
1595.jpg,benign,224,224
1596.jpg,benign,224,224
1597.jpg,benign,224,224
1598.jpg,benign,224,224
1599.jpg,benign,224,224
160.jpg,benign,224,224
1600.jpg,benign,224,224
1601.jpg,benign,224,224
1603.jpg,benign,224,224
1604.jpg,benign,224,224
1605.jpg,benign,224,224
1606.jpg,benign,224,224
1608.jpg,benign,224,224
1609.jpg,benign,224,224
1612.jpg,benign,224,224
1613.jpg,benign,224,224
1614.jpg,benign,224,224
1615.jpg,benign,224,224
1616.jpg,benign,224,224
1617.jpg,benign,224,224
1618.jpg,benign,224,224
1619.jpg,benign,224,224
162.jpg,benign,224,224
1620.jpg,benign,224,224
1621.jpg,benign,224,224
1622.jpg,benign,224,224
1623.jpg,benign,224,224
1624.jpg,benign,224,224
1625.jpg,benign,224,224
1626.jpg,benign,224,224
1627.jpg,benign,224,224
1629.jpg,benign,224,224
163.jpg,benign,224,224
1630.jpg,benign,224,224
1631.jpg,benign,224,224
1633.jpg,benign,224,224
1635.jpg,benign,224,224
1636.jpg,benign,224,224
1638.jpg,benign,224,224
1639.jpg,benign,224,224
164.jpg,benign,224,224
1640.jpg,benign,224,224
1641.jpg,benign,224,224
1643.jpg,benign,224,224
1644.jpg,benign,224,224
1645.jpg,benign,224,224
1647.jpg,benign,224,224
1649.jpg,benign,224,224
165.jpg,benign,224,224
1650.jpg,benign,224,224
1651.jpg,benign,224,224
1652.jpg,benign,224,224
1653.jpg,benign,224,224
1654.jpg,benign,224,224
1656.jpg,benign,224,224
1658.jpg,benign,224,224
1659.jpg,benign,224,224
166.jpg,benign,224,224
1660.jpg,benign,224,224
1661.jpg,benign,224,224
1662.jpg,benign,224,224
1663.jpg,benign,224,224
1664.jpg,benign,224,224
1665.jpg,benign,224,224
1666.jpg,benign,224,224
1667.jpg,benign,224,224
1668.jpg,benign,224,224
1669.jpg,benign,224,224
167.jpg,benign,224,224
1670.jpg,benign,224,224
1671.jpg,benign,224,224
1673.jpg,benign,224,224
1674.jpg,benign,224,224
1675.jpg,benign,224,224
1676.jpg,benign,224,224
1677.jpg,benign,224,224
1678.jpg,benign,224,224
1679.jpg,benign,224,224
168.jpg,benign,224,224
1680.jpg,benign,224,224
1681.jpg,benign,224,224
1683.jpg,benign,224,224
1684.jpg,benign,224,224
1685.jpg,benign,224,224
1686.jpg,benign,224,224
1688.jpg,benign,224,224
1689.jpg,benign,224,224
169.jpg,benign,224,224
1690.jpg,benign,224,224
1691.jpg,benign,224,224
1692.jpg,benign,224,224
1693.jpg,benign,224,224
1694.jpg,benign,224,224
1695.jpg,benign,224,224
1697.jpg,benign,224,224
1698.jpg,benign,224,224
1699.jpg,benign,224,224
17.jpg,benign,224,224
170.jpg,benign,224,224
1700.jpg,benign,224,224
1702.jpg,benign,224,224
1703.jpg,benign,224,224
1705.jpg,benign,224,224
1706.jpg,benign,224,224
1707.jpg,benign,224,224
1708.jpg,benign,224,224
1709.jpg,benign,224,224
171.jpg,benign,224,224
1712.jpg,benign,224,224
1713.jpg,benign,224,224
1715.jpg,benign,224,224
1716.jpg,benign,224,224
1717.jpg,benign,224,224
1718.jpg,benign,224,224
172.jpg,benign,224,224
1720.jpg,benign,224,224
1722.jpg,benign,224,224
1723.jpg,benign,224,224
1724.jpg,benign,224,224
1725.jpg,benign,224,224
1726.jpg,benign,224,224
1727.jpg,benign,224,224
1728.jpg,benign,224,224
1729.jpg,benign,224,224
173.jpg,benign,224,224
1730.jpg,benign,224,224
1732.jpg,benign,224,224
1733.jpg,benign,224,224
1734.jpg,benign,224,224
1735.jpg,benign,224,224
1736.jpg,benign,224,224
1738.jpg,benign,224,224
1739.jpg,benign,224,224
174.jpg,benign,224,224
1740.jpg,benign,224,224
1741.jpg,benign,224,224
1742.jpg,benign,224,224
1743.jpg,benign,224,224
1744.jpg,benign,224,224
1746.jpg,benign,224,224
1749.jpg,benign,224,224
175.jpg,benign,224,224
1750.jpg,benign,224,224
1751.jpg,benign,224,224
1752.jpg,benign,224,224
1753.jpg,benign,224,224
1754.jpg,benign,224,224
1755.jpg,benign,224,224
1759.jpg,benign,224,224
176.jpg,benign,224,224
1760.jpg,benign,224,224
1761.jpg,benign,224,224
1762.jpg,benign,224,224
1763.jpg,benign,224,224
1765.jpg,benign,224,224
1766.jpg,benign,224,224
1767.jpg,benign,224,224
1769.jpg,benign,224,224
177.jpg,benign,224,224
1770.jpg,benign,224,224
1771.jpg,benign,224,224
1772.jpg,benign,224,224
1774.jpg,benign,224,224
1775.jpg,benign,224,224
1776.jpg,benign,224,224
1777.jpg,benign,224,224
1778.jpg,benign,224,224
1779.jpg,benign,224,224
178.jpg,benign,224,224
1780.jpg,benign,224,224
1781.jpg,benign,224,224
1782.jpg,benign,224,224
1783.jpg,benign,224,224
1784.jpg,benign,224,224
1785.jpg,benign,224,224
1786.jpg,benign,224,224
1787.jpg,benign,224,224
1788.jpg,benign,224,224
1789.jpg,benign,224,224
179.jpg,benign,224,224
1790.jpg,benign,224,224
1791.jpg,benign,224,224
1792.jpg,benign,224,224
1793.jpg,benign,224,224
1794.jpg,benign,224,224
1795.jpg,benign,224,224
1796.jpg,benign,224,224
1799.jpg,benign,224,224
180.jpg,benign,224,224
181.jpg,benign,224,224
182.jpg,benign,224,224
183.jpg,benign,224,224
184.jpg,benign,224,224
187.jpg,benign,224,224
188.jpg,benign,224,224
189.jpg,benign,224,224
19.jpg,benign,224,224
190.jpg,benign,224,224
191.jpg,benign,224,224
192.jpg,benign,224,224
193.jpg,benign,224,224
194.jpg,benign,224,224
195.jpg,benign,224,224
196.jpg,benign,224,224
197.jpg,benign,224,224
198.jpg,benign,224,224
199.jpg,benign,224,224
20.jpg,benign,224,224
200.jpg,benign,224,224
201.jpg,benign,224,224
202.jpg,benign,224,224
203.jpg,benign,224,224
204.jpg,benign,224,224
206.jpg,benign,224,224
207.jpg,benign,224,224
208.jpg,benign,224,224
209.jpg,benign,224,224
21.jpg,benign,224,224
210.jpg,benign,224,224
212.jpg,benign,224,224
213.jpg,benign,224,224
214.jpg,benign,224,224
217.jpg,benign,224,224
218.jpg,benign,224,224
219.jpg,benign,224,224
22.jpg,benign,224,224
220.jpg,benign,224,224
221.jpg,benign,224,224
222.jpg,benign,224,224
223.jpg,benign,224,224
225.jpg,benign,224,224
227.jpg,benign,224,224
228.jpg,benign,224,224
229.jpg,benign,224,224
23.jpg,benign,224,224
230.jpg,benign,224,224
231.jpg,benign,224,224
232.jpg,benign,224,224
233.jpg,benign,224,224
234.jpg,benign,224,224
235.jpg,benign,224,224
236.jpg,benign,224,224
238.jpg,benign,224,224
239.jpg,benign,224,224
24.jpg,benign,224,224
240.jpg,benign,224,224
241.jpg,benign,224,224
242.jpg,benign,224,224
243.jpg,benign,224,224
244.jpg,benign,224,224
246.jpg,benign,224,224
247.jpg,benign,224,224
248.jpg,benign,224,224
249.jpg,benign,224,224
25.jpg,benign,224,224
252.jpg,benign,224,224
254.jpg,benign,224,224
255.jpg,benign,224,224
257.jpg,benign,224,224
258.jpg,benign,224,224
26.jpg,benign,224,224
260.jpg,benign,224,224
261.jpg,benign,224,224
262.jpg,benign,224,224
263.jpg,benign,224,224
264.jpg,benign,224,224
265.jpg,benign,224,224
266.jpg,benign,224,224
269.jpg,benign,224,224
27.jpg,benign,224,224
270.jpg,benign,224,224
271.jpg,benign,224,224
272.jpg,benign,224,224
274.jpg,benign,224,224
275.jpg,benign,224,224
276.jpg,benign,224,224
277.jpg,benign,224,224
278.jpg,benign,224,224
279.jpg,benign,224,224
28.jpg,benign,224,224
280.jpg,benign,224,224
281.jpg,benign,224,224
282.jpg,benign,224,224
283.jpg,benign,224,224
285.jpg,benign,224,224
286.jpg,benign,224,224
288.jpg,benign,224,224
29.jpg,benign,224,224
290.jpg,benign,224,224
292.jpg,benign,224,224
293.jpg,benign,224,224
294.jpg,benign,224,224
295.jpg,benign,224,224
296.jpg,benign,224,224
297.jpg,benign,224,224
298.jpg,benign,224,224
299.jpg,benign,224,224
3.jpg,benign,224,224
30.jpg,benign,224,224
301.jpg,benign,224,224
302.jpg,benign,224,224
305.jpg,benign,224,224
306.jpg,benign,224,224
307.jpg,benign,224,224
308.jpg,benign,224,224
309.jpg,benign,224,224
310.jpg,benign,224,224
312.jpg,benign,224,224
314.jpg,benign,224,224
315.jpg,benign,224,224
316.jpg,benign,224,224
318.jpg,benign,224,224
319.jpg,benign,224,224
32.jpg,benign,224,224
320.jpg,benign,224,224
321.jpg,benign,224,224
324.jpg,benign,224,224
325.jpg,benign,224,224
326.jpg,benign,224,224
327.jpg,benign,224,224
328.jpg,benign,224,224
329.jpg,benign,224,224
33.jpg,benign,224,224
331.jpg,benign,224,224
333.jpg,benign,224,224
334.jpg,benign,224,224
336.jpg,benign,224,224
337.jpg,benign,224,224
338.jpg,benign,224,224
339.jpg,benign,224,224
34.jpg,benign,224,224
340.jpg,benign,224,224
341.jpg,benign,224,224
342.jpg,benign,224,224
343.jpg,benign,224,224
345.jpg,benign,224,224
346.jpg,benign,224,224
347.jpg,benign,224,224
349.jpg,benign,224,224
35.jpg,benign,224,224
350.jpg,benign,224,224
351.jpg,benign,224,224
352.jpg,benign,224,224
353.jpg,benign,224,224
355.jpg,benign,224,224
357.jpg,benign,224,224
358.jpg,benign,224,224
359.jpg,benign,224,224
36.jpg,benign,224,224
360.jpg,benign,224,224
361.jpg,benign,224,224
362.jpg,benign,224,224
363.jpg,benign,224,224
364.jpg,benign,224,224
365.jpg,benign,224,224
366.jpg,benign,224,224
368.jpg,benign,224,224
370.jpg,benign,224,224
371.jpg,benign,224,224
372.jpg,benign,224,224
373.jpg,benign,224,224
374.jpg,benign,224,224
375.jpg,benign,224,224
376.jpg,benign,224,224
377.jpg,benign,224,224
38.jpg,benign,224,224
380.jpg,benign,224,224
381.jpg,benign,224,224
382.jpg,benign,224,224
383.jpg,benign,224,224
384.jpg,benign,224,224
386.jpg,benign,224,224
387.jpg,benign,224,224
39.jpg,benign,224,224
390.jpg,benign,224,224
391.jpg,benign,224,224
392.jpg,benign,224,224
393.jpg,benign,224,224
395.jpg,benign,224,224
396.jpg,benign,224,224
397.jpg,benign,224,224
398.jpg,benign,224,224
399.jpg,benign,224,224
4.jpg,benign,224,224
40.jpg,benign,224,224
400.jpg,benign,224,224
401.jpg,benign,224,224
402.jpg,benign,224,224
403.jpg,benign,224,224
405.jpg,benign,224,224
406.jpg,benign,224,224
408.jpg,benign,224,224
409.jpg,benign,224,224
41.jpg,benign,224,224
410.jpg,benign,224,224
411.jpg,benign,224,224
412.jpg,benign,224,224
413.jpg,benign,224,224
415.jpg,benign,224,224
416.jpg,benign,224,224
417.jpg,benign,224,224
418.jpg,benign,224,224
42.jpg,benign,224,224
420.jpg,benign,224,224
421.jpg,benign,224,224
422.jpg,benign,224,224
423.jpg,benign,224,224
424.jpg,benign,224,224
425.jpg,benign,224,224
426.jpg,benign,224,224
429.jpg,benign,224,224
43.jpg,benign,224,224
430.jpg,benign,224,224
431.jpg,benign,224,224
432.jpg,benign,224,224
434.jpg,benign,224,224
435.jpg,benign,224,224
438.jpg,benign,224,224
439.jpg,benign,224,224
440.jpg,benign,224,224
441.jpg,benign,224,224
442.jpg,benign,224,224
443.jpg,benign,224,224
445.jpg,benign,224,224
446.jpg,benign,224,224
447.jpg,benign,224,224
448.jpg,benign,224,224
450.jpg,benign,224,224
451.jpg,benign,224,224
452.jpg,benign,224,224
453.jpg,benign,224,224
455.jpg,benign,224,224
456.jpg,benign,224,224
458.jpg,benign,224,224
459.jpg,benign,224,224
46.jpg,benign,224,224
460.jpg,benign,224,224
461.jpg,benign,224,224
463.jpg,benign,224,224
464.jpg,benign,224,224
465.jpg,benign,224,224
466.jpg,benign,224,224
467.jpg,benign,224,224
468.jpg,benign,224,224
469.jpg,benign,224,224
47.jpg,benign,224,224
470.jpg,benign,224,224
471.jpg,benign,224,224
472.jpg,benign,224,224
473.jpg,benign,224,224
474.jpg,benign,224,224
476.jpg,benign,224,224
477.jpg,benign,224,224
478.jpg,benign,224,224
48.jpg,benign,224,224
480.jpg,benign,224,224
481.jpg,benign,224,224
482.jpg,benign,224,224
483.jpg,benign,224,224
485.jpg,benign,224,224
486.jpg,benign,224,224
487.jpg,benign,224,224
488.jpg,benign,224,224
489.jpg,benign,224,224
49.jpg,benign,224,224
490.jpg,benign,224,224
491.jpg,benign,224,224
492.jpg,benign,224,224
493.jpg,benign,224,224
494.jpg,benign,224,224
496.jpg,benign,224,224
497.jpg,benign,224,224
498.jpg,benign,224,224
499.jpg,benign,224,224
50.jpg,benign,224,224
500.jpg,benign,224,224
501.jpg,benign,224,224
502.jpg,benign,224,224
503.jpg,benign,224,224
504.jpg,benign,224,224
505.jpg,benign,224,224
506.jpg,benign,224,224
507.jpg,benign,224,224
508.jpg,benign,224,224
509.jpg,benign,224,224
51.jpg,benign,224,224
510.jpg,benign,224,224
511.jpg,benign,224,224
512.jpg,benign,224,224
513.jpg,benign,224,224
514.jpg,benign,224,224
515.jpg,benign,224,224
516.jpg,benign,224,224
517.jpg,benign,224,224
518.jpg,benign,224,224
519.jpg,benign,224,224
52.jpg,benign,224,224
521.jpg,benign,224,224
522.jpg,benign,224,224
523.jpg,benign,224,224
524.jpg,benign,224,224
525.jpg,benign,224,224
526.jpg,benign,224,224
528.jpg,benign,224,224
529.jpg,benign,224,224
53.jpg,benign,224,224
530.jpg,benign,224,224
531.jpg,benign,224,224
533.jpg,benign,224,224
534.jpg,benign,224,224
537.jpg,benign,224,224
538.jpg,benign,224,224
539.jpg,benign,224,224
540.jpg,benign,224,224
541.jpg,benign,224,224
542.jpg,benign,224,224
543.jpg,benign,224,224
544.jpg,benign,224,224
546.jpg,benign,224,224
547.jpg,benign,224,224
549.jpg,benign,224,224
55.jpg,benign,224,224
550.jpg,benign,224,224
551.jpg,benign,224,224
553.jpg,benign,224,224
554.jpg,benign,224,224
555.jpg,benign,224,224
556.jpg,benign,224,224
557.jpg,benign,224,224
56.jpg,benign,224,224
563.jpg,benign,224,224
564.jpg,benign,224,224
565.jpg,benign,224,224
567.jpg,benign,224,224
568.jpg,benign,224,224
569.jpg,benign,224,224
570.jpg,benign,224,224
571.jpg,benign,224,224
576.jpg,benign,224,224
577.jpg,benign,224,224
578.jpg,benign,224,224
579.jpg,benign,224,224
58.jpg,benign,224,224
581.jpg,benign,224,224
582.jpg,benign,224,224
583.jpg,benign,224,224
584.jpg,benign,224,224
585.jpg,benign,224,224
586.jpg,benign,224,224
587.jpg,benign,224,224
589.jpg,benign,224,224
59.jpg,benign,224,224
590.jpg,benign,224,224
591.jpg,benign,224,224
592.jpg,benign,224,224
593.jpg,benign,224,224
594.jpg,benign,224,224
595.jpg,benign,224,224
597.jpg,benign,224,224
598.jpg,benign,224,224
599.jpg,benign,224,224
6.jpg,benign,224,224
60.jpg,benign,224,224
600.jpg,benign,224,224
601.jpg,benign,224,224
602.jpg,benign,224,224
604.jpg,benign,224,224
605.jpg,benign,224,224
606.jpg,benign,224,224
607.jpg,benign,224,224
608.jpg,benign,224,224
609.jpg,benign,224,224
610.jpg,benign,224,224
611.jpg,benign,224,224
613.jpg,benign,224,224
614.jpg,benign,224,224
615.jpg,benign,224,224
616.jpg,benign,224,224
617.jpg,benign,224,224
618.jpg,benign,224,224
619.jpg,benign,224,224
62.jpg,benign,224,224
620.jpg,benign,224,224
621.jpg,benign,224,224
622.jpg,benign,224,224
625.jpg,benign,224,224
627.jpg,benign,224,224
628.jpg,benign,224,224
629.jpg,benign,224,224
630.jpg,benign,224,224
632.jpg,benign,224,224
633.jpg,benign,224,224
637.jpg,benign,224,224
638.jpg,benign,224,224
639.jpg,benign,224,224
64.jpg,benign,224,224
640.jpg,benign,224,224
641.jpg,benign,224,224
643.jpg,benign,224,224
645.jpg,benign,224,224
646.jpg,benign,224,224
648.jpg,benign,224,224
649.jpg,benign,224,224
65.jpg,benign,224,224
650.jpg,benign,224,224
651.jpg,benign,224,224
652.jpg,benign,224,224
653.jpg,benign,224,224
654.jpg,benign,224,224
655.jpg,benign,224,224
656.jpg,benign,224,224
657.jpg,benign,224,224
66.jpg,benign,224,224
661.jpg,benign,224,224
662.jpg,benign,224,224
665.jpg,benign,224,224
666.jpg,benign,224,224
667.jpg,benign,224,224
669.jpg,benign,224,224
67.jpg,benign,224,224
671.jpg,benign,224,224
672.jpg,benign,224,224
673.jpg,benign,224,224
674.jpg,benign,224,224
675.jpg,benign,224,224
677.jpg,benign,224,224
679.jpg,benign,224,224
68.jpg,benign,224,224
680.jpg,benign,224,224
682.jpg,benign,224,224
683.jpg,benign,224,224
684.jpg,benign,224,224
685.jpg,benign,224,224
686.jpg,benign,224,224
687.jpg,benign,224,224
688.jpg,benign,224,224
69.jpg,benign,224,224
691.jpg,benign,224,224
692.jpg,benign,224,224
693.jpg,benign,224,224
694.jpg,benign,224,224
695.jpg,benign,224,224
696.jpg,benign,224,224
697.jpg,benign,224,224
698.jpg,benign,224,224
699.jpg,benign,224,224
7.jpg,benign,224,224
70.jpg,benign,224,224
701.jpg,benign,224,224
702.jpg,benign,224,224
703.jpg,benign,224,224
704.jpg,benign,224,224
705.jpg,benign,224,224
706.jpg,benign,224,224
707.jpg,benign,224,224
708.jpg,benign,224,224
709.jpg,benign,224,224
710.jpg,benign,224,224
711.jpg,benign,224,224
713.jpg,benign,224,224
714.jpg,benign,224,224
715.jpg,benign,224,224
716.jpg,benign,224,224
718.jpg,benign,224,224
719.jpg,benign,224,224
72.jpg,benign,224,224
722.jpg,benign,224,224
723.jpg,benign,224,224
726.jpg,benign,224,224
727.jpg,benign,224,224
728.jpg,benign,224,224
729.jpg,benign,224,224
73.jpg,benign,224,224
730.jpg,benign,224,224
731.jpg,benign,224,224
732.jpg,benign,224,224
733.jpg,benign,224,224
734.jpg,benign,224,224
735.jpg,benign,224,224
736.jpg,benign,224,224
737.jpg,benign,224,224
738.jpg,benign,224,224
739.jpg,benign,224,224
740.jpg,benign,224,224
741.jpg,benign,224,224
742.jpg,benign,224,224
743.jpg,benign,224,224
744.jpg,benign,224,224
745.jpg,benign,224,224
746.jpg,benign,224,224
747.jpg,benign,224,224
748.jpg,benign,224,224
749.jpg,benign,224,224
75.jpg,benign,224,224
750.jpg,benign,224,224
752.jpg,benign,224,224
753.jpg,benign,224,224
754.jpg,benign,224,224
755.jpg,benign,224,224
756.jpg,benign,224,224
757.jpg,benign,224,224
759.jpg,benign,224,224
76.jpg,benign,224,224
760.jpg,benign,224,224
761.jpg,benign,224,224
764.jpg,benign,224,224
765.jpg,benign,224,224
766.jpg,benign,224,224
767.jpg,benign,224,224
769.jpg,benign,224,224
77.jpg,benign,224,224
771.jpg,benign,224,224
772.jpg,benign,224,224
775.jpg,benign,224,224
776.jpg,benign,224,224
777.jpg,benign,224,224
779.jpg,benign,224,224
78.jpg,benign,224,224
780.jpg,benign,224,224
781.jpg,benign,224,224
782.jpg,benign,224,224
783.jpg,benign,224,224
784.jpg,benign,224,224
785.jpg,benign,224,224
786.jpg,benign,224,224
787.jpg,benign,224,224
788.jpg,benign,224,224
789.jpg,benign,224,224
79.jpg,benign,224,224
791.jpg,benign,224,224
792.jpg,benign,224,224
793.jpg,benign,224,224
794.jpg,benign,224,224
795.jpg,benign,224,224
796.jpg,benign,224,224
797.jpg,benign,224,224
798.jpg,benign,224,224
799.jpg,benign,224,224
80.jpg,benign,224,224
800.jpg,benign,224,224
801.jpg,benign,224,224
803.jpg,benign,224,224
804.jpg,benign,224,224
807.jpg,benign,224,224
808.jpg,benign,224,224
809.jpg,benign,224,224
81.jpg,benign,224,224
810.jpg,benign,224,224
811.jpg,benign,224,224
812.jpg,benign,224,224
814.jpg,benign,224,224
815.jpg,benign,224,224
816.jpg,benign,224,224
817.jpg,benign,224,224
818.jpg,benign,224,224
82.jpg,benign,224,224
821.jpg,benign,224,224
822.jpg,benign,224,224
827.jpg,benign,224,224
829.jpg,benign,224,224
831.jpg,benign,224,224
832.jpg,benign,224,224
833.jpg,benign,224,224
834.jpg,benign,224,224
835.jpg,benign,224,224
836.jpg,benign,224,224
837.jpg,benign,224,224
838.jpg,benign,224,224
839.jpg,benign,224,224
841.jpg,benign,224,224
842.jpg,benign,224,224
843.jpg,benign,224,224
844.jpg,benign,224,224
845.jpg,benign,224,224
846.jpg,benign,224,224
847.jpg,benign,224,224
848.jpg,benign,224,224
849.jpg,benign,224,224
85.jpg,benign,224,224
850.jpg,benign,224,224
851.jpg,benign,224,224
852.jpg,benign,224,224
853.jpg,benign,224,224
855.jpg,benign,224,224
856.jpg,benign,224,224
857.jpg,benign,224,224
858.jpg,benign,224,224
859.jpg,benign,224,224
86.jpg,benign,224,224
860.jpg,benign,224,224
861.jpg,benign,224,224
862.jpg,benign,224,224
863.jpg,benign,224,224
864.jpg,benign,224,224
865.jpg,benign,224,224
866.jpg,benign,224,224
867.jpg,benign,224,224
868.jpg,benign,224,224
87.jpg,benign,224,224
870.jpg,benign,224,224
871.jpg,benign,224,224
872.jpg,benign,224,224
873.jpg,benign,224,224
875.jpg,benign,224,224
876.jpg,benign,224,224
877.jpg,benign,224,224
879.jpg,benign,224,224
881.jpg,benign,224,224
882.jpg,benign,224,224
883.jpg,benign,224,224
884.jpg,benign,224,224
885.jpg,benign,224,224
886.jpg,benign,224,224
889.jpg,benign,224,224
89.jpg,benign,224,224
890.jpg,benign,224,224
891.jpg,benign,224,224
896.jpg,benign,224,224
897.jpg,benign,224,224
898.jpg,benign,224,224
899.jpg,benign,224,224
900.jpg,benign,224,224
901.jpg,benign,224,224
902.jpg,benign,224,224
904.jpg,benign,224,224
905.jpg,benign,224,224
907.jpg,benign,224,224
908.jpg,benign,224,224
91.jpg,benign,224,224
910.jpg,benign,224,224
911.jpg,benign,224,224
913.jpg,benign,224,224
914.jpg,benign,224,224
915.jpg,benign,224,224
917.jpg,benign,224,224
918.jpg,benign,224,224
92.jpg,benign,224,224
920.jpg,benign,224,224
921.jpg,benign,224,224
922.jpg,benign,224,224
923.jpg,benign,224,224
924.jpg,benign,224,224
926.jpg,benign,224,224
927.jpg,benign,224,224
928.jpg,benign,224,224
929.jpg,benign,224,224
93.jpg,benign,224,224
930.jpg,benign,224,224
931.jpg,benign,224,224
932.jpg,benign,224,224
933.jpg,benign,224,224
934.jpg,benign,224,224
935.jpg,benign,224,224
937.jpg,benign,224,224
938.jpg,benign,224,224
939.jpg,benign,224,224
94.jpg,benign,224,224
940.jpg,benign,224,224
941.jpg,benign,224,224
942.jpg,benign,224,224
945.jpg,benign,224,224
947.jpg,benign,224,224
948.jpg,benign,224,224
949.jpg,benign,224,224
950.jpg,benign,224,224
951.jpg,benign,224,224
952.jpg,benign,224,224
953.jpg,benign,224,224
954.jpg,benign,224,224
955.jpg,benign,224,224
956.jpg,benign,224,224
957.jpg,benign,224,224
959.jpg,benign,224,224
96.jpg,benign,224,224
960.jpg,benign,224,224
961.jpg,benign,224,224
963.jpg,benign,224,224
965.jpg,benign,224,224
966.jpg,benign,224,224
967.jpg,benign,224,224
968.jpg,benign,224,224
969.jpg,benign,224,224
970.jpg,benign,224,224
971.jpg,benign,224,224
973.jpg,benign,224,224
974.jpg,benign,224,224
975.jpg,benign,224,224
976.jpg,benign,224,224
977.jpg,benign,224,224
978.jpg,benign,224,224
979.jpg,benign,224,224
980.jpg,benign,224,224
981.jpg,benign,224,224
983.jpg,benign,224,224
984.jpg,benign,224,224
985.jpg,benign,224,224
986.jpg,benign,224,224
987.jpg,benign,224,224
988.jpg,benign,224,224
989.jpg,benign,224,224
99.jpg,benign,224,224
990.jpg,benign,224,224
991.jpg,benign,224,224
992.jpg,benign,224,224
994.jpg,benign,224,224
995.jpg,benign,224,224
996.jpg,benign,224,224
997.jpg,benign,224,224
999.jpg,benign,224,224
10.jpg,malignant,224,224
100.jpg,malignant,224,224
1000.jpg,malignant,224,224
1001.jpg,malignant,224,224
1002.jpg,malignant,224,224
1004.jpg,malignant,224,224
1006.jpg,malignant,224,224
1008.jpg,malignant,224,224
101.jpg,malignant,224,224
1010.jpg,malignant,224,224
1011.jpg,malignant,224,224
1013.jpg,malignant,224,224
1014.jpg,malignant,224,224
1015.jpg,malignant,224,224
1016.jpg,malignant,224,224
1017.jpg,malignant,224,224
1018.jpg,malignant,224,224
102.jpg,malignant,224,224
1020.jpg,malignant,224,224
1021.jpg,malignant,224,224
1023.jpg,malignant,224,224
1024.jpg,malignant,224,224
1025.jpg,malignant,224,224
1028.jpg,malignant,224,224
1029.jpg,malignant,224,224
103.jpg,malignant,224,224
1030.jpg,malignant,224,224
1031.jpg,malignant,224,224
1032.jpg,malignant,224,224
1033.jpg,malignant,224,224
1034.jpg,malignant,224,224
1035.jpg,malignant,224,224
1036.jpg,malignant,224,224
1039.jpg,malignant,224,224
104.jpg,malignant,224,224
1040.jpg,malignant,224,224
1041.jpg,malignant,224,224
1042.jpg,malignant,224,224
1043.jpg,malignant,224,224
1044.jpg,malignant,224,224
1045.jpg,malignant,224,224
1047.jpg,malignant,224,224
1048.jpg,malignant,224,224
105.jpg,malignant,224,224
1050.jpg,malignant,224,224
1051.jpg,malignant,224,224
1052.jpg,malignant,224,224
1053.jpg,malignant,224,224
1054.jpg,malignant,224,224
1055.jpg,malignant,224,224
1057.jpg,malignant,224,224
1059.jpg,malignant,224,224
106.jpg,malignant,224,224
1060.jpg,malignant,224,224
1061.jpg,malignant,224,224
1062.jpg,malignant,224,224
1063.jpg,malignant,224,224
1064.jpg,malignant,224,224
1066.jpg,malignant,224,224
1067.jpg,malignant,224,224
1068.jpg,malignant,224,224
1069.jpg,malignant,224,224
107.jpg,malignant,224,224
1070.jpg,malignant,224,224
1071.jpg,malignant,224,224
1072.jpg,malignant,224,224
1073.jpg,malignant,224,224
1075.jpg,malignant,224,224
1076.jpg,malignant,224,224
1077.jpg,malignant,224,224
1078.jpg,malignant,224,224
1079.jpg,malignant,224,224
108.jpg,malignant,224,224
1081.jpg,malignant,224,224
1082.jpg,malignant,224,224
1084.jpg,malignant,224,224
1085.jpg,malignant,224,224
1086.jpg,malignant,224,224
1087.jpg,malignant,224,224
1088.jpg,malignant,224,224
109.jpg,malignant,224,224
1090.jpg,malignant,224,224
1092.jpg,malignant,224,224
1093.jpg,malignant,224,224
1095.jpg,malignant,224,224
1096.jpg,malignant,224,224
1097.jpg,malignant,224,224
1098.jpg,malignant,224,224
1099.jpg,malignant,224,224
11.jpg,malignant,224,224
1100.jpg,malignant,224,224
1101.jpg,malignant,224,224
1102.jpg,malignant,224,224
1103.jpg,malignant,224,224
1104.jpg,malignant,224,224
1105.jpg,malignant,224,224
1106.jpg,malignant,224,224
1107.jpg,malignant,224,224
1108.jpg,malignant,224,224
1109.jpg,malignant,224,224
111.jpg,malignant,224,224
1110.jpg,malignant,224,224
1111.jpg,malignant,224,224
1114.jpg,malignant,224,224
1115.jpg,malignant,224,224
1116.jpg,malignant,224,224
1117.jpg,malignant,224,224
1118.jpg,malignant,224,224
112.jpg,malignant,224,224
1121.jpg,malignant,224,224
1122.jpg,malignant,224,224
1123.jpg,malignant,224,224
1124.jpg,malignant,224,224
1125.jpg,malignant,224,224
1126.jpg,malignant,224,224
1127.jpg,malignant,224,224
1129.jpg,malignant,224,224
113.jpg,malignant,224,224
1130.jpg,malignant,224,224
1131.jpg,malignant,224,224
1132.jpg,malignant,224,224
1133.jpg,malignant,224,224
1134.jpg,malignant,224,224
1136.jpg,malignant,224,224
1137.jpg,malignant,224,224
1138.jpg,malignant,224,224
1139.jpg,malignant,224,224
114.jpg,malignant,224,224
1140.jpg,malignant,224,224
1142.jpg,malignant,224,224
1143.jpg,malignant,224,224
1144.jpg,malignant,224,224
1145.jpg,malignant,224,224
1146.jpg,malignant,224,224
1147.jpg,malignant,224,224
1148.jpg,malignant,224,224
1149.jpg,malignant,224,224
115.jpg,malignant,224,224
1152.jpg,malignant,224,224
1153.jpg,malignant,224,224
1154.jpg,malignant,224,224
1157.jpg,malignant,224,224
1158.jpg,malignant,224,224
1159.jpg,malignant,224,224
116.jpg,malignant,224,224
1161.jpg,malignant,224,224
1162.jpg,malignant,224,224
1163.jpg,malignant,224,224
1165.jpg,malignant,224,224
1167.jpg,malignant,224,224
1168.jpg,malignant,224,224
1169.jpg,malignant,224,224
117.jpg,malignant,224,224
1171.jpg,malignant,224,224
1172.jpg,malignant,224,224
1174.jpg,malignant,224,224
1175.jpg,malignant,224,224
1177.jpg,malignant,224,224
1178.jpg,malignant,224,224
1179.jpg,malignant,224,224
118.jpg,malignant,224,224
1180.jpg,malignant,224,224
1181.jpg,malignant,224,224
1182.jpg,malignant,224,224
1183.jpg,malignant,224,224
1184.jpg,malignant,224,224
1188.jpg,malignant,224,224
119.jpg,malignant,224,224
1190.jpg,malignant,224,224
1191.jpg,malignant,224,224
1192.jpg,malignant,224,224
1193.jpg,malignant,224,224
1195.jpg,malignant,224,224
1196.jpg,malignant,224,224
1199.jpg,malignant,224,224
12.jpg,malignant,224,224
120.jpg,malignant,224,224
1200.jpg,malignant,224,224
1201.jpg,malignant,224,224
1202.jpg,malignant,224,224
1203.jpg,malignant,224,224
1204.jpg,malignant,224,224
1205.jpg,malignant,224,224
1206.jpg,malignant,224,224
1207.jpg,malignant,224,224
1208.jpg,malignant,224,224
1209.jpg,malignant,224,224
121.jpg,malignant,224,224
1210.jpg,malignant,224,224
1212.jpg,malignant,224,224
1213.jpg,malignant,224,224
1214.jpg,malignant,224,224
1217.jpg,malignant,224,224
1219.jpg,malignant,224,224
122.jpg,malignant,224,224
1222.jpg,malignant,224,224
1223.jpg,malignant,224,224
1224.jpg,malignant,224,224
1225.jpg,malignant,224,224
1226.jpg,malignant,224,224
123.jpg,malignant,224,224
1230.jpg,malignant,224,224
1231.jpg,malignant,224,224
1232.jpg,malignant,224,224
1233.jpg,malignant,224,224
1235.jpg,malignant,224,224
1236.jpg,malignant,224,224
1237.jpg,malignant,224,224
1239.jpg,malignant,224,224
124.jpg,malignant,224,224
1240.jpg,malignant,224,224
1241.jpg,malignant,224,224
1243.jpg,malignant,224,224
1244.jpg,malignant,224,224
1245.jpg,malignant,224,224
1246.jpg,malignant,224,224
1247.jpg,malignant,224,224
1248.jpg,malignant,224,224
1249.jpg,malignant,224,224
125.jpg,malignant,224,224
1250.jpg,malignant,224,224
1252.jpg,malignant,224,224
1253.jpg,malignant,224,224
1255.jpg,malignant,224,224
1257.jpg,malignant,224,224
1258.jpg,malignant,224,224
1259.jpg,malignant,224,224
126.jpg,malignant,224,224
1260.jpg,malignant,224,224
1261.jpg,malignant,224,224
1263.jpg,malignant,224,224
1264.jpg,malignant,224,224
1265.jpg,malignant,224,224
1269.jpg,malignant,224,224
127.jpg,malignant,224,224
1270.jpg,malignant,224,224
1271.jpg,malignant,224,224
1272.jpg,malignant,224,224
1273.jpg,malignant,224,224
1274.jpg,malignant,224,224
1275.jpg,malignant,224,224
1276.jpg,malignant,224,224
1277.jpg,malignant,224,224
1278.jpg,malignant,224,224
1279.jpg,malignant,224,224
128.jpg,malignant,224,224
1281.jpg,malignant,224,224
1282.jpg,malignant,224,224
1283.jpg,malignant,224,224
1284.jpg,malignant,224,224
1285.jpg,malignant,224,224
1287.jpg,malignant,224,224
1288.jpg,malignant,224,224
1290.jpg,malignant,224,224
1291.jpg,malignant,224,224
1293.jpg,malignant,224,224
1294.jpg,malignant,224,224
1296.jpg,malignant,224,224
1298.jpg,malignant,224,224
1299.jpg,malignant,224,224
130.jpg,malignant,224,224
1301.jpg,malignant,224,224
1302.jpg,malignant,224,224
1303.jpg,malignant,224,224
1304.jpg,malignant,224,224
1305.jpg,malignant,224,224
1306.jpg,malignant,224,224
1307.jpg,malignant,224,224
1308.jpg,malignant,224,224
1309.jpg,malignant,224,224
131.jpg,malignant,224,224
1311.jpg,malignant,224,224
1312.jpg,malignant,224,224
1313.jpg,malignant,224,224
1314.jpg,malignant,224,224
1315.jpg,malignant,224,224
1316.jpg,malignant,224,224
1317.jpg,malignant,224,224
1318.jpg,malignant,224,224
1319.jpg,malignant,224,224
132.jpg,malignant,224,224
1321.jpg,malignant,224,224
1323.jpg,malignant,224,224
1324.jpg,malignant,224,224
1325.jpg,malignant,224,224
1326.jpg,malignant,224,224
1327.jpg,malignant,224,224
1328.jpg,malignant,224,224
1329.jpg,malignant,224,224
133.jpg,malignant,224,224
1331.jpg,malignant,224,224
1332.jpg,malignant,224,224
1334.jpg,malignant,224,224
1335.jpg,malignant,224,224
1337.jpg,malignant,224,224
1338.jpg,malignant,224,224
134.jpg,malignant,224,224
1340.jpg,malignant,224,224
1341.jpg,malignant,224,224
1343.jpg,malignant,224,224
1344.jpg,malignant,224,224
1345.jpg,malignant,224,224
1346.jpg,malignant,224,224
1348.jpg,malignant,224,224
1349.jpg,malignant,224,224
135.jpg,malignant,224,224
1350.jpg,malignant,224,224
1351.jpg,malignant,224,224
1352.jpg,malignant,224,224
1353.jpg,malignant,224,224
1356.jpg,malignant,224,224
1357.jpg,malignant,224,224
136.jpg,malignant,224,224
1360.jpg,malignant,224,224
1361.jpg,malignant,224,224
1362.jpg,malignant,224,224
1363.jpg,malignant,224,224
1365.jpg,malignant,224,224
1367.jpg,malignant,224,224
1368.jpg,malignant,224,224
1369.jpg,malignant,224,224
137.jpg,malignant,224,224
1371.jpg,malignant,224,224
1372.jpg,malignant,224,224
1373.jpg,malignant,224,224
1375.jpg,malignant,224,224
1376.jpg,malignant,224,224
1377.jpg,malignant,224,224
138.jpg,malignant,224,224
1381.jpg,malignant,224,224
1384.jpg,malignant,224,224
1385.jpg,malignant,224,224
1386.jpg,malignant,224,224
1387.jpg,malignant,224,224
1388.jpg,malignant,224,224
1389.jpg,malignant,224,224
1390.jpg,malignant,224,224
1391.jpg,malignant,224,224
1392.jpg,malignant,224,224
1393.jpg,malignant,224,224
1394.jpg,malignant,224,224
1396.jpg,malignant,224,224
1397.jpg,malignant,224,224
1398.jpg,malignant,224,224
1399.jpg,malignant,224,224
14.jpg,malignant,224,224
140.jpg,malignant,224,224
1400.jpg,malignant,224,224
1403.jpg,malignant,224,224
1404.jpg,malignant,224,224
1405.jpg,malignant,224,224
1406.jpg,malignant,224,224
1407.jpg,malignant,224,224
1408.jpg,malignant,224,224
1409.jpg,malignant,224,224
141.jpg,malignant,224,224
1410.jpg,malignant,224,224
1411.jpg,malignant,224,224
1412.jpg,malignant,224,224
1413.jpg,malignant,224,224
1414.jpg,malignant,224,224
1415.jpg,malignant,224,224
1416.jpg,malignant,224,224
1418.jpg,malignant,224,224
1419.jpg,malignant,224,224
142.jpg,malignant,224,224
1420.jpg,malignant,224,224
1421.jpg,malignant,224,224
1423.jpg,malignant,224,224
1424.jpg,malignant,224,224
1426.jpg,malignant,224,224
1428.jpg,malignant,224,224
1429.jpg,malignant,224,224
143.jpg,malignant,224,224
1431.jpg,malignant,224,224
1432.jpg,malignant,224,224
1433.jpg,malignant,224,224
1434.jpg,malignant,224,224
1435.jpg,malignant,224,224
1437.jpg,malignant,224,224
1439.jpg,malignant,224,224
144.jpg,malignant,224,224
1440.jpg,malignant,224,224
1441.jpg,malignant,224,224
1442.jpg,malignant,224,224
1444.jpg,malignant,224,224
1445.jpg,malignant,224,224
1446.jpg,malignant,224,224
1448.jpg,malignant,224,224
1449.jpg,malignant,224,224
145.jpg,malignant,224,224
1450.jpg,malignant,224,224
1452.jpg,malignant,224,224
1453.jpg,malignant,224,224
1454.jpg,malignant,224,224
1455.jpg,malignant,224,224
1456.jpg,malignant,224,224
1457.jpg,malignant,224,224
1458.jpg,malignant,224,224
1459.jpg,malignant,224,224
146.jpg,malignant,224,224
1460.jpg,malignant,224,224
1462.jpg,malignant,224,224
1463.jpg,malignant,224,224
1465.jpg,malignant,224,224
1466.jpg,malignant,224,224
1467.jpg,malignant,224,224
1468.jpg,malignant,224,224
1469.jpg,malignant,224,224
147.jpg,malignant,224,224
1470.jpg,malignant,224,224
1471.jpg,malignant,224,224
1472.jpg,malignant,224,224
1473.jpg,malignant,224,224
1474.jpg,malignant,224,224
1475.jpg,malignant,224,224
1476.jpg,malignant,224,224
1477.jpg,malignant,224,224
1478.jpg,malignant,224,224
1479.jpg,malignant,224,224
148.jpg,malignant,224,224
1480.jpg,malignant,224,224
1481.jpg,malignant,224,224
1482.jpg,malignant,224,224
1483.jpg,malignant,224,224
1485.jpg,malignant,224,224
1486.jpg,malignant,224,224
1487.jpg,malignant,224,224
1488.jpg,malignant,224,224
149.jpg,malignant,224,224
1490.jpg,malignant,224,224
1491.jpg,malignant,224,224
1492.jpg,malignant,224,224
1493.jpg,malignant,224,224
1494.jpg,malignant,224,224
1496.jpg,malignant,224,224
1497.jpg,malignant,224,224
1498.jpg,malignant,224,224
15.jpg,malignant,224,224
150.jpg,malignant,224,224
1500.jpg,malignant,224,224
151.jpg,malignant,224,224
152.jpg,malignant,224,224
153.jpg,malignant,224,224
154.jpg,malignant,224,224
155.jpg,malignant,224,224
157.jpg,malignant,224,224
158.jpg,malignant,224,224
159.jpg,malignant,224,224
16.jpg,malignant,224,224
160.jpg,malignant,224,224
162.jpg,malignant,224,224
163.jpg,malignant,224,224
164.jpg,malignant,224,224
165.jpg,malignant,224,224
166.jpg,malignant,224,224
167.jpg,malignant,224,224
168.jpg,malignant,224,224
169.jpg,malignant,224,224
170.jpg,malignant,224,224
171.jpg,malignant,224,224
172.jpg,malignant,224,224
174.jpg,malignant,224,224
175.jpg,malignant,224,224
176.jpg,malignant,224,224
177.jpg,malignant,224,224
178.jpg,malignant,224,224
18.jpg,malignant,224,224
180.jpg,malignant,224,224
181.jpg,malignant,224,224
183.jpg,malignant,224,224
187.jpg,malignant,224,224
188.jpg,malignant,224,224
189.jpg,malignant,224,224
19.jpg,malignant,224,224
191.jpg,malignant,224,224
192.jpg,malignant,224,224
194.jpg,malignant,224,224
197.jpg,malignant,224,224
198.jpg,malignant,224,224
199.jpg,malignant,224,224
2.jpg,malignant,224,224
20.jpg,malignant,224,224
201.jpg,malignant,224,224
202.jpg,malignant,224,224
203.jpg,malignant,224,224
204.jpg,malignant,224,224
205.jpg,malignant,224,224
206.jpg,malignant,224,224
207.jpg,malignant,224,224
209.jpg,malignant,224,224
21.jpg,malignant,224,224
210.jpg,malignant,224,224
211.jpg,malignant,224,224
212.jpg,malignant,224,224
213.jpg,malignant,224,224
214.jpg,malignant,224,224
215.jpg,malignant,224,224
216.jpg,malignant,224,224
217.jpg,malignant,224,224
218.jpg,malignant,224,224
219.jpg,malignant,224,224
22.jpg,malignant,224,224
220.jpg,malignant,224,224
221.jpg,malignant,224,224
222.jpg,malignant,224,224
223.jpg,malignant,224,224
224.jpg,malignant,224,224
225.jpg,malignant,224,224
226.jpg,malignant,224,224
227.jpg,malignant,224,224
228.jpg,malignant,224,224
229.jpg,malignant,224,224
23.jpg,malignant,224,224
230.jpg,malignant,224,224
233.jpg,malignant,224,224
234.jpg,malignant,224,224
235.jpg,malignant,224,224
236.jpg,malignant,224,224
239.jpg,malignant,224,224
240.jpg,malignant,224,224
241.jpg,malignant,224,224
242.jpg,malignant,224,224
243.jpg,malignant,224,224
244.jpg,malignant,224,224
245.jpg,malignant,224,224
246.jpg,malignant,224,224
248.jpg,malignant,224,224
249.jpg,malignant,224,224
25.jpg,malignant,224,224
250.jpg,malignant,224,224
251.jpg,malignant,224,224
252.jpg,malignant,224,224
253.jpg,malignant,224,224
254.jpg,malignant,224,224
255.jpg,malignant,224,224
259.jpg,malignant,224,224
26.jpg,malignant,224,224
261.jpg,malignant,224,224
262.jpg,malignant,224,224
263.jpg,malignant,224,224
264.jpg,malignant,224,224
265.jpg,malignant,224,224
266.jpg,malignant,224,224
267.jpg,malignant,224,224
268.jpg,malignant,224,224
269.jpg,malignant,224,224
27.jpg,malignant,224,224
270.jpg,malignant,224,224
271.jpg,malignant,224,224
272.jpg,malignant,224,224
273.jpg,malignant,224,224
274.jpg,malignant,224,224
277.jpg,malignant,224,224
278.jpg,malignant,224,224
279.jpg,malignant,224,224
28.jpg,malignant,224,224
280.jpg,malignant,224,224
281.jpg,malignant,224,224
282.jpg,malignant,224,224
283.jpg,malignant,224,224
284.jpg,malignant,224,224
285.jpg,malignant,224,224
286.jpg,malignant,224,224
287.jpg,malignant,224,224
288.jpg,malignant,224,224
289.jpg,malignant,224,224
29.jpg,malignant,224,224
290.jpg,malignant,224,224
291.jpg,malignant,224,224
292.jpg,malignant,224,224
293.jpg,malignant,224,224
294.jpg,malignant,224,224
295.jpg,malignant,224,224
296.jpg,malignant,224,224
297.jpg,malignant,224,224
298.jpg,malignant,224,224
299.jpg,malignant,224,224
30.jpg,malignant,224,224
300.jpg,malignant,224,224
301.jpg,malignant,224,224
302.jpg,malignant,224,224
304.jpg,malignant,224,224
305.jpg,malignant,224,224
306.jpg,malignant,224,224
308.jpg,malignant,224,224
309.jpg,malignant,224,224
31.jpg,malignant,224,224
311.jpg,malignant,224,224
312.jpg,malignant,224,224
313.jpg,malignant,224,224
314.jpg,malignant,224,224
315.jpg,malignant,224,224
316.jpg,malignant,224,224
319.jpg,malignant,224,224
32.jpg,malignant,224,224
320.jpg,malignant,224,224
321.jpg,malignant,224,224
323.jpg,malignant,224,224
324.jpg,malignant,224,224
325.jpg,malignant,224,224
326.jpg,malignant,224,224
327.jpg,malignant,224,224
328.jpg,malignant,224,224
329.jpg,malignant,224,224
330.jpg,malignant,224,224
331.jpg,malignant,224,224
332.jpg,malignant,224,224
333.jpg,malignant,224,224
334.jpg,malignant,224,224
335.jpg,malignant,224,224
336.jpg,malignant,224,224
337.jpg,malignant,224,224
339.jpg,malignant,224,224
34.jpg,malignant,224,224
340.jpg,malignant,224,224
341.jpg,malignant,224,224
344.jpg,malignant,224,224
345.jpg,malignant,224,224
346.jpg,malignant,224,224
347.jpg,malignant,224,224
349.jpg,malignant,224,224
35.jpg,malignant,224,224
350.jpg,malignant,224,224
351.jpg,malignant,224,224
352.jpg,malignant,224,224
353.jpg,malignant,224,224
354.jpg,malignant,224,224
357.jpg,malignant,224,224
358.jpg,malignant,224,224
359.jpg,malignant,224,224
36.jpg,malignant,224,224
361.jpg,malignant,224,224
362.jpg,malignant,224,224
363.jpg,malignant,224,224
365.jpg,malignant,224,224
366.jpg,malignant,224,224
367.jpg,malignant,224,224
368.jpg,malignant,224,224
369.jpg,malignant,224,224
37.jpg,malignant,224,224
370.jpg,malignant,224,224
371.jpg,malignant,224,224
372.jpg,malignant,224,224
373.jpg,malignant,224,224
374.jpg,malignant,224,224
376.jpg,malignant,224,224
377.jpg,malignant,224,224
378.jpg,malignant,224,224
379.jpg,malignant,224,224
38.jpg,malignant,224,224
380.jpg,malignant,224,224
383.jpg,malignant,224,224
385.jpg,malignant,224,224
386.jpg,malignant,224,224
387.jpg,malignant,224,224
388.jpg,malignant,224,224
391.jpg,malignant,224,224
392.jpg,malignant,224,224
393.jpg,malignant,224,224
395.jpg,malignant,224,224
396.jpg,malignant,224,224
397.jpg,malignant,224,224
398.jpg,malignant,224,224
40.jpg,malignant,224,224
400.jpg,malignant,224,224
401.jpg,malignant,224,224
403.jpg,malignant,224,224
404.jpg,malignant,224,224
406.jpg,malignant,224,224
408.jpg,malignant,224,224
41.jpg,malignant,224,224
410.jpg,malignant,224,224
411.jpg,malignant,224,224
412.jpg,malignant,224,224
413.jpg,malignant,224,224
414.jpg,malignant,224,224
415.jpg,malignant,224,224
416.jpg,malignant,224,224
417.jpg,malignant,224,224
418.jpg,malignant,224,224
42.jpg,malignant,224,224
420.jpg,malignant,224,224
422.jpg,malignant,224,224
423.jpg,malignant,224,224
425.jpg,malignant,224,224
427.jpg,malignant,224,224
429.jpg,malignant,224,224
43.jpg,malignant,224,224
431.jpg,malignant,224,224
432.jpg,malignant,224,224
433.jpg,malignant,224,224
434.jpg,malignant,224,224
435.jpg,malignant,224,224
438.jpg,malignant,224,224
439.jpg,malignant,224,224
440.jpg,malignant,224,224
441.jpg,malignant,224,224
442.jpg,malignant,224,224
443.jpg,malignant,224,224
444.jpg,malignant,224,224
446.jpg,malignant,224,224
447.jpg,malignant,224,224
448.jpg,malignant,224,224
449.jpg,malignant,224,224
45.jpg,malignant,224,224
451.jpg,malignant,224,224
452.jpg,malignant,224,224
453.jpg,malignant,224,224
454.jpg,malignant,224,224
455.jpg,malignant,224,224
456.jpg,malignant,224,224
457.jpg,malignant,224,224
458.jpg,malignant,224,224
460.jpg,malignant,224,224
461.jpg,malignant,224,224
462.jpg,malignant,224,224
464.jpg,malignant,224,224
465.jpg,malignant,224,224
466.jpg,malignant,224,224
467.jpg,malignant,224,224
468.jpg,malignant,224,224
469.jpg,malignant,224,224
47.jpg,malignant,224,224
470.jpg,malignant,224,224
471.jpg,malignant,224,224
472.jpg,malignant,224,224
473.jpg,malignant,224,224
475.jpg,malignant,224,224
476.jpg,malignant,224,224
477.jpg,malignant,224,224
478.jpg,malignant,224,224
48.jpg,malignant,224,224
480.jpg,malignant,224,224
481.jpg,malignant,224,224
482.jpg,malignant,224,224
484.jpg,malignant,224,224
485.jpg,malignant,224,224
486.jpg,malignant,224,224
487.jpg,malignant,224,224
488.jpg,malignant,224,224
489.jpg,malignant,224,224
49.jpg,malignant,224,224
490.jpg,malignant,224,224
491.jpg,malignant,224,224
492.jpg,malignant,224,224
493.jpg,malignant,224,224
494.jpg,malignant,224,224
495.jpg,malignant,224,224
496.jpg,malignant,224,224
497.jpg,malignant,224,224
498.jpg,malignant,224,224
499.jpg,malignant,224,224
5.jpg,malignant,224,224
50.jpg,malignant,224,224
500.jpg,malignant,224,224
502.jpg,malignant,224,224
503.jpg,malignant,224,224
505.jpg,malignant,224,224
506.jpg,malignant,224,224
509.jpg,malignant,224,224
51.jpg,malignant,224,224
510.jpg,malignant,224,224
512.jpg,malignant,224,224
513.jpg,malignant,224,224
514.jpg,malignant,224,224
515.jpg,malignant,224,224
516.jpg,malignant,224,224
517.jpg,malignant,224,224
518.jpg,malignant,224,224
520.jpg,malignant,224,224
521.jpg,malignant,224,224
522.jpg,malignant,224,224
523.jpg,malignant,224,224
524.jpg,malignant,224,224
525.jpg,malignant,224,224
526.jpg,malignant,224,224
527.jpg,malignant,224,224
529.jpg,malignant,224,224
53.jpg,malignant,224,224
530.jpg,malignant,224,224
531.jpg,malignant,224,224
532.jpg,malignant,224,224
533.jpg,malignant,224,224
534.jpg,malignant,224,224
535.jpg,malignant,224,224
537.jpg,malignant,224,224
538.jpg,malignant,224,224
539.jpg,malignant,224,224
540.jpg,malignant,224,224
541.jpg,malignant,224,224
542.jpg,malignant,224,224
543.jpg,malignant,224,224
544.jpg,malignant,224,224
545.jpg,malignant,224,224
547.jpg,malignant,224,224
548.jpg,malignant,224,224
549.jpg,malignant,224,224
55.jpg,malignant,224,224
550.jpg,malignant,224,224
551.jpg,malignant,224,224
552.jpg,malignant,224,224
553.jpg,malignant,224,224
555.jpg,malignant,224,224
557.jpg,malignant,224,224
558.jpg,malignant,224,224
559.jpg,malignant,224,224
56.jpg,malignant,224,224
560.jpg,malignant,224,224
561.jpg,malignant,224,224
563.jpg,malignant,224,224
564.jpg,malignant,224,224
565.jpg,malignant,224,224
566.jpg,malignant,224,224
567.jpg,malignant,224,224
569.jpg,malignant,224,224
571.jpg,malignant,224,224
574.jpg,malignant,224,224
576.jpg,malignant,224,224
577.jpg,malignant,224,224
578.jpg,malignant,224,224
579.jpg,malignant,224,224
580.jpg,malignant,224,224
581.jpg,malignant,224,224
582.jpg,malignant,224,224
583.jpg,malignant,224,224
584.jpg,malignant,224,224
585.jpg,malignant,224,224
586.jpg,malignant,224,224
587.jpg,malignant,224,224
588.jpg,malignant,224,224
589.jpg,malignant,224,224
59.jpg,malignant,224,224
591.jpg,malignant,224,224
594.jpg,malignant,224,224
595.jpg,malignant,224,224
597.jpg,malignant,224,224
598.jpg,malignant,224,224
599.jpg,malignant,224,224
6.jpg,malignant,224,224
60.jpg,malignant,224,224
600.jpg,malignant,224,224
601.jpg,malignant,224,224
604.jpg,malignant,224,224
605.jpg,malignant,224,224
606.jpg,malignant,224,224
607.jpg,malignant,224,224
608.jpg,malignant,224,224
609.jpg,malignant,224,224
61.jpg,malignant,224,224
610.jpg,malignant,224,224
611.jpg,malignant,224,224
612.jpg,malignant,224,224
613.jpg,malignant,224,224
616.jpg,malignant,224,224
617.jpg,malignant,224,224
618.jpg,malignant,224,224
620.jpg,malignant,224,224
621.jpg,malignant,224,224
622.jpg,malignant,224,224
623.jpg,malignant,224,224
624.jpg,malignant,224,224
625.jpg,malignant,224,224
626.jpg,malignant,224,224
627.jpg,malignant,224,224
629.jpg,malignant,224,224
63.jpg,malignant,224,224
630.jpg,malignant,224,224
631.jpg,malignant,224,224
632.jpg,malignant,224,224
633.jpg,malignant,224,224
634.jpg,malignant,224,224
635.jpg,malignant,224,224
636.jpg,malignant,224,224
637.jpg,malignant,224,224
639.jpg,malignant,224,224
64.jpg,malignant,224,224
640.jpg,malignant,224,224
642.jpg,malignant,224,224
644.jpg,malignant,224,224
645.jpg,malignant,224,224
646.jpg,malignant,224,224
647.jpg,malignant,224,224
648.jpg,malignant,224,224
649.jpg,malignant,224,224
650.jpg,malignant,224,224
651.jpg,malignant,224,224
652.jpg,malignant,224,224
654.jpg,malignant,224,224
655.jpg,malignant,224,224
656.jpg,malignant,224,224
657.jpg,malignant,224,224
659.jpg,malignant,224,224
661.jpg,malignant,224,224
662.jpg,malignant,224,224
663.jpg,malignant,224,224
664.jpg,malignant,224,224
665.jpg,malignant,224,224
666.jpg,malignant,224,224
668.jpg,malignant,224,224
669.jpg,malignant,224,224
67.jpg,malignant,224,224
671.jpg,malignant,224,224
672.jpg,malignant,224,224
673.jpg,malignant,224,224
675.jpg,malignant,224,224
676.jpg,malignant,224,224
677.jpg,malignant,224,224
678.jpg,malignant,224,224
680.jpg,malignant,224,224
681.jpg,malignant,224,224
682.jpg,malignant,224,224
683.jpg,malignant,224,224
684.jpg,malignant,224,224
685.jpg,malignant,224,224
687.jpg,malignant,224,224
688.jpg,malignant,224,224
689.jpg,malignant,224,224
69.jpg,malignant,224,224
690.jpg,malignant,224,224
691.jpg,malignant,224,224
692.jpg,malignant,224,224
693.jpg,malignant,224,224
695.jpg,malignant,224,224
697.jpg,malignant,224,224
698.jpg,malignant,224,224
699.jpg,malignant,224,224
7.jpg,malignant,224,224
70.jpg,malignant,224,224
700.jpg,malignant,224,224
701.jpg,malignant,224,224
702.jpg,malignant,224,224
703.jpg,malignant,224,224
704.jpg,malignant,224,224
705.jpg,malignant,224,224
707.jpg,malignant,224,224
708.jpg,malignant,224,224
71.jpg,malignant,224,224
710.jpg,malignant,224,224
711.jpg,malignant,224,224
712.jpg,malignant,224,224
714.jpg,malignant,224,224
715.jpg,malignant,224,224
716.jpg,malignant,224,224
717.jpg,malignant,224,224
718.jpg,malignant,224,224
719.jpg,malignant,224,224
72.jpg,malignant,224,224
720.jpg,malignant,224,224
721.jpg,malignant,224,224
722.jpg,malignant,224,224
723.jpg,malignant,224,224
724.jpg,malignant,224,224
725.jpg,malignant,224,224
726.jpg,malignant,224,224
727.jpg,malignant,224,224
728.jpg,malignant,224,224
729.jpg,malignant,224,224
730.jpg,malignant,224,224
731.jpg,malignant,224,224
732.jpg,malignant,224,224
733.jpg,malignant,224,224
734.jpg,malignant,224,224
736.jpg,malignant,224,224
737.jpg,malignant,224,224
738.jpg,malignant,224,224
740.jpg,malignant,224,224
741.jpg,malignant,224,224
742.jpg,malignant,224,224
743.jpg,malignant,224,224
745.jpg,malignant,224,224
746.jpg,malignant,224,224
748.jpg,malignant,224,224
75.jpg,malignant,224,224
750.jpg,malignant,224,224
751.jpg,malignant,224,224
752.jpg,malignant,224,224
753.jpg,malignant,224,224
754.jpg,malignant,224,224
755.jpg,malignant,224,224
756.jpg,malignant,224,224
758.jpg,malignant,224,224
76.jpg,malignant,224,224
760.jpg,malignant,224,224
761.jpg,malignant,224,224
764.jpg,malignant,224,224
765.jpg,malignant,224,224
766.jpg,malignant,224,224
768.jpg,malignant,224,224
769.jpg,malignant,224,224
77.jpg,malignant,224,224
770.jpg,malignant,224,224
772.jpg,malignant,224,224
774.jpg,malignant,224,224
775.jpg,malignant,224,224
777.jpg,malignant,224,224
779.jpg,malignant,224,224
78.jpg,malignant,224,224
780.jpg,malignant,224,224
781.jpg,malignant,224,224
782.jpg,malignant,224,224
783.jpg,malignant,224,224
784.jpg,malignant,224,224
785.jpg,malignant,224,224
786.jpg,malignant,224,224
787.jpg,malignant,224,224
789.jpg,malignant,224,224
79.jpg,malignant,224,224
790.jpg,malignant,224,224
791.jpg,malignant,224,224
793.jpg,malignant,224,224
795.jpg,malignant,224,224
796.jpg,malignant,224,224
798.jpg,malignant,224,224
799.jpg,malignant,224,224
80.jpg,malignant,224,224
800.jpg,malignant,224,224
801.jpg,malignant,224,224
802.jpg,malignant,224,224
803.jpg,malignant,224,224
805.jpg,malignant,224,224
806.jpg,malignant,224,224
807.jpg,malignant,224,224
809.jpg,malignant,224,224
810.jpg,malignant,224,224
811.jpg,malignant,224,224
812.jpg,malignant,224,224
813.jpg,malignant,224,224
814.jpg,malignant,224,224
815.jpg,malignant,224,224
816.jpg,malignant,224,224
818.jpg,malignant,224,224
819.jpg,malignant,224,224
82.jpg,malignant,224,224
820.jpg,malignant,224,224
821.jpg,malignant,224,224
823.jpg,malignant,224,224
824.jpg,malignant,224,224
825.jpg,malignant,224,224
827.jpg,malignant,224,224
828.jpg,malignant,224,224
829.jpg,malignant,224,224
83.jpg,malignant,224,224
830.jpg,malignant,224,224
831.jpg,malignant,224,224
833.jpg,malignant,224,224
834.jpg,malignant,224,224
835.jpg,malignant,224,224
837.jpg,malignant,224,224
84.jpg,malignant,224,224
840.jpg,malignant,224,224
841.jpg,malignant,224,224
842.jpg,malignant,224,224
843.jpg,malignant,224,224
844.jpg,malignant,224,224
845.jpg,malignant,224,224
846.jpg,malignant,224,224
847.jpg,malignant,224,224
848.jpg,malignant,224,224
849.jpg,malignant,224,224
850.jpg,malignant,224,224
851.jpg,malignant,224,224
853.jpg,malignant,224,224
854.jpg,malignant,224,224
855.jpg,malignant,224,224
856.jpg,malignant,224,224
857.jpg,malignant,224,224
858.jpg,malignant,224,224
86.jpg,malignant,224,224
860.jpg,malignant,224,224
861.jpg,malignant,224,224
862.jpg,malignant,224,224
863.jpg,malignant,224,224
865.jpg,malignant,224,224
867.jpg,malignant,224,224
869.jpg,malignant,224,224
870.jpg,malignant,224,224
872.jpg,malignant,224,224
873.jpg,malignant,224,224
875.jpg,malignant,224,224
876.jpg,malignant,224,224
877.jpg,malignant,224,224
878.jpg,malignant,224,224
879.jpg,malignant,224,224
88.jpg,malignant,224,224
880.jpg,malignant,224,224
882.jpg,malignant,224,224
883.jpg,malignant,224,224
884.jpg,malignant,224,224
885.jpg,malignant,224,224
886.jpg,malignant,224,224
888.jpg,malignant,224,224
889.jpg,malignant,224,224
89.jpg,malignant,224,224
890.jpg,malignant,224,224
891.jpg,malignant,224,224
892.jpg,malignant,224,224
895.jpg,malignant,224,224
896.jpg,malignant,224,224
897.jpg,malignant,224,224
898.jpg,malignant,224,224
899.jpg,malignant,224,224
9.jpg,malignant,224,224
90.jpg,malignant,224,224
900.jpg,malignant,224,224
901.jpg,malignant,224,224
902.jpg,malignant,224,224
903.jpg,malignant,224,224
904.jpg,malignant,224,224
906.jpg,malignant,224,224
907.jpg,malignant,224,224
908.jpg,malignant,224,224
909.jpg,malignant,224,224
910.jpg,malignant,224,224
911.jpg,malignant,224,224
912.jpg,malignant,224,224
913.jpg,malignant,224,224
914.jpg,malignant,224,224
915.jpg,malignant,224,224
916.jpg,malignant,224,224
917.jpg,malignant,224,224
918.jpg,malignant,224,224
919.jpg,malignant,224,224
920.jpg,malignant,224,224
921.jpg,malignant,224,224
922.jpg,malignant,224,224
923.jpg,malignant,224,224
924.jpg,malignant,224,224
925.jpg,malignant,224,224
926.jpg,malignant,224,224
928.jpg,malignant,224,224
929.jpg,malignant,224,224
930.jpg,malignant,224,224
931.jpg,malignant,224,224
932.jpg,malignant,224,224
933.jpg,malignant,224,224
935.jpg,malignant,224,224
936.jpg,malignant,224,224
938.jpg,malignant,224,224
939.jpg,malignant,224,224
94.jpg,malignant,224,224
941.jpg,malignant,224,224
942.jpg,malignant,224,224
943.jpg,malignant,224,224
944.jpg,malignant,224,224
945.jpg,malignant,224,224
946.jpg,malignant,224,224
95.jpg,malignant,224,224
950.jpg,malignant,224,224
951.jpg,malignant,224,224
952.jpg,malignant,224,224
954.jpg,malignant,224,224
955.jpg,malignant,224,224
956.jpg,malignant,224,224
957.jpg,malignant,224,224
958.jpg,malignant,224,224
959.jpg,malignant,224,224
96.jpg,malignant,224,224
960.jpg,malignant,224,224
961.jpg,malignant,224,224
962.jpg,malignant,224,224
963.jpg,malignant,224,224
964.jpg,malignant,224,224
965.jpg,malignant,224,224
966.jpg,malignant,224,224
967.jpg,malignant,224,224
968.jpg,malignant,224,224
969.jpg,malignant,224,224
97.jpg,malignant,224,224
970.jpg,malignant,224,224
971.jpg,malignant,224,224
972.jpg,malignant,224,224
973.jpg,malignant,224,224
974.jpg,malignant,224,224
975.jpg,malignant,224,224
976.jpg,malignant,224,224
977.jpg,malignant,224,224
978.jpg,malignant,224,224
979.jpg,malignant,224,224
98.jpg,malignant,224,224
980.jpg,malignant,224,224
981.jpg,malignant,224,224
982.jpg,malignant,224,224
983.jpg,malignant,224,224
984.jpg,malignant,224,224
986.jpg,malignant,224,224
987.jpg,malignant,224,224
988.jpg,malignant,224,224
989.jpg,malignant,224,224
99.jpg,malignant,224,224
990.jpg,malignant,224,224
991.jpg,malignant,224,224
993.jpg,malignant,224,224
996.jpg,malignant,224,224
997.jpg,malignant,224,224
998.jpg,malignant,224,224
999.jpg,malignant,224,224
